INSERT INTO `location` (location_id, city) VALUES (1, 'Ha Noi');
INSERT INTO `location` (location_id, city) VALUES (2, 'Ho Chi Minh');

INSERT INTO category (category_id, name) VALUES (1, 'Monitor');
INSERT INTO category (category_id, name) VALUES (2, 'Laptop');
INSERT INTO category (category_id, name) VALUES (3, 'PC');

INSERT INTO `user` (staff_code, username, password, first_name, last_name, birthdate, gender, email, created_at, created_by, active, location_id, role, first_login) VALUES ('SD0000', 'vangdv', '$2a$10$4unAGZCyBjCH2A8ohL/gkOMy9VSwqRsru0ur80gvoTc1aTLRinOcu', 'Vang', 'Do Van', DATE_SUB(CURRENT_TIMESTAMP(), INTERVAL 10 DAY), 'MALE', 'vangdo@gmail.com', CURRENT_TIMESTAMP(), 'root', 1, 1, 'ADMIN', 0);
INSERT INTO `user` (staff_code, username, password, first_name, last_name, birthdate, gender, email, created_at, created_by, active, location_id, role, first_login) VALUES ('SD0001', 'vietvh', '$2a$10$j4oeoRd8KJvplvvyZeup4.7./giNzPI9u04E73P7C.BUGTEXQQW.K', 'Viet', 'Vu Hoang', DATE_SUB(CURRENT_TIMESTAMP(), INTERVAL 9 DAY), 'MALE', 'vietvuhoang@gmail.com', CURRENT_TIMESTAMP(), 'root', 1, 2, 'ADMIN', 0);
INSERT INTO `user` (staff_code, username, password, first_name, last_name, birthdate, gender, email, created_at, created_by, active, location_id, role, first_login) VALUES ('SD0002', 'tuandv', '$2a$10$SbUuAw/F9ou.mId8doXDOO3moRs2Ibh2DzVe3HEo0PeYoqSmGrYUO', 'Tuan', 'Do Van', DATE_SUB(CURRENT_TIMESTAMP(), INTERVAL 8 DAY), 'MALE', 'tuando@gmail.com', CURRENT_TIMESTAMP(), 'root', 1, 1, 'STAFF', 1);
INSERT INTO `user` (staff_code, username, password, first_name, last_name, birthdate, gender, email, created_at, created_by, active, location_id, role, first_login) VALUES ('SD0003', 'quynhct', '$2a$10$/VB4d2ls2jpGDuGcs2ZJk.YjxuFQqhLtf0u0ne1DzyJ9YYeUMad7W', 'Quynh', 'Chu Thuy', DATE_SUB(CURRENT_TIMESTAMP(), INTERVAL 7 DAY), 'FEMALE', 'quynhchu@gmail.com', CURRENT_TIMESTAMP(), 'root', 1, 2, 'STAFF', 0);
INSERT INTO `user` (staff_code, username, password, first_name, last_name, birthdate, gender, email, created_at, created_by, active, location_id, role, first_login) VALUES ('SD0004', 'dungld', '$2a$10$/VB4d2ls2jpGDuGcs2ZJk.YjxuFQqhLtf0u0ne1DzyJ9YYeUMad7W', 'Dung', 'Le Duc', DATE_SUB(CURRENT_TIMESTAMP(), INTERVAL 6 DAY), 'MALE', 'dungld@gmail.com', CURRENT_TIMESTAMP(), 'root', 1, 1, 'STAFF', 0);
INSERT INTO `user` (staff_code, username, password, first_name, last_name, birthdate, gender, email, created_at, created_by, active, location_id, role, first_login) VALUES ('SD0005', 'giangpm', '$2a$10$iQG4eAIMWALOqw7Q23M9WOYz3vAQgcC2LEY2g5Mb3N8eMAEybbBRi', 'Giang', 'Pham Minh', DATE_SUB(CURRENT_TIMESTAMP(), INTERVAL 5 DAY), 'MALE', 'giangpm@gmail.com', CURRENT_TIMESTAMP(), 'root', 1, 2, 'STAFF', 0);
INSERT INTO `user` (staff_code, username, password, first_name, last_name, birthdate, gender, email, created_at, created_by, active, location_id, role, first_login) VALUES ('SD0006', 'hoannn', '$2a$10$Q7qTCvXs1Fv4QykoAIL0yOqUvbEbOzAlxYNClkxn2GJaKxpy0rbeq', 'Hoan', 'Nguyen Ngoc', DATE_SUB(CURRENT_TIMESTAMP(), INTERVAL 4 DAY), 'MALE', 'haonnn@gmail.com', CURRENT_TIMESTAMP(), 'root', 1, 1, 'STAFF', 0);
INSERT INTO `user` (staff_code, username, password, first_name, last_name, birthdate, gender, email, created_at, created_by, active, location_id, role, first_login) VALUES ('SD0007', 'thinhnd', '$2a$10$ohXvw./E56lEas9Z19JcDeuaWvlC6/XNKwHx3oL1GszWTMQrTXAJe', 'Thinh', 'Nguyen Duc', DATE_SUB(CURRENT_TIMESTAMP(), INTERVAL 3 DAY), 'MALE', 'thinhnd@gmail.com', CURRENT_TIMESTAMP(), 'root', 1, 1, 'ADMIN', 1);
INSERT INTO `user` (staff_code, username, password, first_name, last_name, birthdate, gender, email, created_at, created_by, active, location_id, role, first_login) VALUES ('SD0008', 'tungnc', '$2a$10$YtFUgvODeT716tOFiy4Xe.wLF4g/9nX6ysC5r.huWu2v.ALQ/QN86', 'Tung', 'Nguyen Chi', DATE_SUB(CURRENT_TIMESTAMP(), INTERVAL 2 DAY), 'MALE', 'tungnc@gmail.com', CURRENT_TIMESTAMP(), 'root', 1, 1, 'STAFF', 0);
INSERT INTO `user` (staff_code, username, password, first_name, last_name, birthdate, gender, email, created_at, created_by, active, location_id, role, first_login) VALUES ('SD0009', 'hanhvth', '$2a$10$2bSlSqB.f1P6G3V3Oo/o5utBh.L7DJE7W/nVh8zajQFV6c3GUJl4u', 'Hanh', 'Vo Thi Hong', DATE_SUB(CURRENT_TIMESTAMP(), INTERVAL 1 DAY), 'FEMALE', 'hanhvth@gmail.com', CURRENT_TIMESTAMP(), 'root', 1, 2, 'STAFF', 0);
INSERT INTO `user` (staff_code, username, password, first_name, last_name, birthdate, gender, email, created_at, created_by, active, location_id, role, first_login) VALUES ('SD0010', 'hiennt', '$2a$10$0/.FTE4shdVjW3QVQETPaelEVmj6ZkoPtbDB8hEFjbh.gnPR2.oIK', 'Hien', 'Nguyen Thu', DATE_SUB(CURRENT_TIMESTAMP(), INTERVAL 5 DAY), 'FEMALE', 'hiennt@gmail.com', CURRENT_TIMESTAMP(), 'root', 1, 2, 'STAFF', 0);
INSERT INTO `user` (staff_code, username, password, first_name, last_name, birthdate, gender, email, created_at, created_by, active, location_id, role, first_login) VALUES ('SD0011', 'bantq', '$2a$10$tL6e5JV701qc/Xq6sbvneu8MVe1hb/B4wkA8vc.hsAMog7IE8Icz.', 'Ban', 'Tran Quy', DATE_SUB(CURRENT_TIMESTAMP(), INTERVAL 11 DAY), 'MALE', 'bantq@gmail.com', CURRENT_TIMESTAMP(), 'root', 1, 2, 'ADMIN', 0);
INSERT INTO `user` (staff_code, username, password, first_name, last_name, birthdate, gender, email, created_at, created_by, active, location_id, role, first_login) VALUES ('SD0012', 'hailt', '$2a$10$xRbepnbADw7KjKRuIIxHwuNpixYBbt3f4hvh0OZ9uqVnj.vMJ0dQK', 'Hai', 'Le Thanh', DATE_SUB(CURRENT_TIMESTAMP(), INTERVAL 12 DAY), 'MALE', 'hailt@gmail.com', CURRENT_TIMESTAMP(), 'root', 1, 1, 'ADMIN', 0);
INSERT INTO `user` (staff_code, username, password, first_name, last_name, birthdate, gender, email, created_at, created_by, active, location_id, role, first_login) VALUES ('SD0013', 'sonnt', '$2a$10$5jgbiUFHHprfO70I0y7Ofuuhlhe0yCibtycRxg0FsYC3pZCfYttSS', 'Son', 'Ngo Trung', DATE_SUB(CURRENT_TIMESTAMP(), INTERVAL 13 DAY), 'MALE', 'sonnt@gmail.com', CURRENT_TIMESTAMP(), 'root', 1, 2, 'ADMIN', 0);
INSERT INTO `user` (staff_code, username, password, first_name, last_name, birthdate, gender, email, created_at, created_by, active, location_id, role, first_login) VALUES ('SD0014', 'duongnt', '$2a$10$4t8kbkGxClv9.q3J5mz2Suv2/T6k7WLhAtCQwSvSa1zDxB7XpcepK', 'Duong', 'Nguyen Thuy', DATE_SUB(CURRENT_TIMESTAMP(), INTERVAL 14 DAY), 'FEMALE', 'duongnt@gmail.com', CURRENT_TIMESTAMP(), 'root', 1, 2, 'STAFF', 0);
INSERT INTO `user` (staff_code, username, password, first_name, last_name, birthdate, gender, email, created_at, created_by, active, location_id, role, first_login) VALUES ('SD0015', 'chinh', '$2a$10$WqhGSyi58sEqmxblQ/fr5u3SWjrWOaO4uIORJ/64U4aOWAD4v9ZSS', 'Chi', 'Nguyen Ha', DATE_SUB(CURRENT_TIMESTAMP(), INTERVAL 15 DAY), 'FEMALE', 'chinh@gmail.com', CURRENT_TIMESTAMP(), 'root', 1, 1, 'STAFF', 0);
INSERT INTO `user` (staff_code, username, password, first_name, last_name, birthdate, gender, email, created_at, created_by, active, location_id, role, first_login) VALUES ('SD0016', 'minhnh', '$2a$10$z4/cU3sqT3cKsXnaGtmN.OylO833w9NqxeXlYh.qpANjQomYJpQbO', 'Minh', 'Nguyen Hoang', DATE_SUB(CURRENT_TIMESTAMP(), INTERVAL 16 DAY), 'MALE', 'minhnh@gmail.com', CURRENT_TIMESTAMP(), 'root', 1, 1, 'STAFF', 1);
INSERT INTO `user` (staff_code, username, password, first_name, last_name, birthdate, gender, email, created_at, created_by, active, location_id, role, first_login) VALUES ('SD0017', 'quocth', '$2a$10$7KGiNc7r2Liq7n1wBslT1en4r7V/Sq3mFnAM/xe6tNcK6dM89cH4K', 'Quoc', 'Tran Hiep', DATE_SUB(CURRENT_TIMESTAMP(), INTERVAL 17 DAY), 'MALE', 'quocth@gmail.com', CURRENT_TIMESTAMP(), 'root', 1, 1, 'STAFF', 1);
INSERT INTO `user` (staff_code, username, password, first_name, last_name, birthdate, gender, email, created_at, created_by, active, location_id, role, first_login) VALUES ('SD0018', 'thanhlt', '$2a$10$J.CzP9NhjKKgz/ZiyegW8.pFj3ScIw/B9sMeKYjaDHGo6O4Bx6/4S', 'Thanh', 'Le Trung', DATE_SUB(CURRENT_TIMESTAMP(), INTERVAL 18 DAY), 'MALE', 'thanhlt@gmail.com', CURRENT_TIMESTAMP(), 'root', 1, 1, 'STAFF', 1);
INSERT INTO `user` (staff_code, username, password, first_name, last_name, birthdate, gender, email, created_at, created_by, active, location_id, role, first_login) VALUES ('SD0019', 'duongvq', '$2a$10$4OC7R4dB7reLZpa.U/O1U.ov8Fwzh3IkU/ktKLoVyzRWqqLRviKTq', 'Duong', 'Vu Quy', DATE_SUB(CURRENT_TIMESTAMP(), INTERVAL 19 DAY), 'MALE', 'duongvq@gmail.com', CURRENT_TIMESTAMP(), 'root', 1, 1, 'STAFF', 1);

INSERT INTO `asset` (asset_id, name, specification, category, installed_date, location_id, state, updated_at) VALUES ('LA001', 'laptop Dell HP Probook 450 G4', 'RAM 4GB, HDD 500GB, Intel Core i5 gen 5', 2, DATE_SUB(CURRENT_TIMESTAMP(), INTERVAL 10 DAY),  1, 'ASSIGNED',DATE_SUB(CURRENT_TIMESTAMP(), INTERVAL 15 DAY));
INSERT INTO `asset` (asset_id, name, specification, category, installed_date, location_id, state, updated_at) VALUES ('LA002', 'laptop Dell HP Probook 450 G4', 'RAM 8GB, HDD 250GB, Intel Core i5 gen 5', 2,  DATE_SUB(CURRENT_TIMESTAMP(), INTERVAL 11 DAY), 2, 'AVAILABLE',DATE_SUB(CURRENT_TIMESTAMP(), INTERVAL 10 DAY));
INSERT INTO `asset` (asset_id, name, specification, category, installed_date, location_id, state, updated_at) VALUES ('LA003', 'laptop Dell HP Pavilion', 'RAM 16GB, SSD 256GB, Intel Core i5 gen 5', 2, DATE_SUB(CURRENT_TIMESTAMP(), INTERVAL 14 DAY), 1, 'ASSIGNED',DATE_SUB(CURRENT_TIMESTAMP(), INTERVAL 17 DAY));
INSERT INTO `asset` (asset_id, name, specification, category, installed_date, location_id, state, updated_at) VALUES ('LA004', 'laptop HP Pavilion', 'RAM 16GB, SSD 256GB, Intel Core i5 gen 5', 2, DATE_SUB(CURRENT_TIMESTAMP(), INTERVAL 10 DAY), 2, 'ASSIGNED',DATE_SUB(CURRENT_TIMESTAMP(), INTERVAL 10 DAY));
INSERT INTO `asset` (asset_id, name, specification, category, installed_date, location_id, state, updated_at) VALUES ('LA005', 'laptop Dell XPS 13', 'RAM 16GB, SSD 256GB, Intel Core i5 gen 5', 2, DATE_SUB(CURRENT_TIMESTAMP(), INTERVAL 12 DAY), 1, 'ASSIGNED',DATE_SUB(CURRENT_TIMESTAMP(), INTERVAL 11 DAY));
INSERT INTO `asset` (asset_id, name, specification, category, installed_date, location_id, state, updated_at) VALUES ('LA006', 'laptop Dell XPS 15', 'RAM 16GB, SSD 256GB, Intel Core i5 gen 5', 2, DATE_SUB(CURRENT_TIMESTAMP(), INTERVAL 17 DAY), 1, 'ASSIGNED',DATE_SUB(CURRENT_TIMESTAMP(), INTERVAL 19 DAY));
INSERT INTO `asset` (asset_id, name, specification, category, installed_date, location_id, state, updated_at) VALUES ('LA007', 'laptop Dell Latitude', 'RAM 16GB, SSD 256GB, Intel Core i5 gen 5', 2, DATE_SUB(CURRENT_TIMESTAMP(), INTERVAL 19 DAY), 1, 'AVAILABLE',DATE_SUB(CURRENT_TIMESTAMP(), INTERVAL 12 DAY));
INSERT INTO `asset` (asset_id, name, specification, category, installed_date, location_id, state, updated_at) VALUES ('LA008', 'laptop Dell Precision', 'RAM 16GB, SSD 256GB, Intel Core i5 gen 5', 2, DATE_SUB(CURRENT_TIMESTAMP(), INTERVAL 10 DAY), 2, 'ASSIGNED',DATE_SUB(CURRENT_TIMESTAMP(), INTERVAL 18 DAY));
INSERT INTO `asset` (asset_id, name, specification, category, installed_date, location_id, state, updated_at) VALUES ('LA009', 'laptop Dell XPS 17', 'RAM 16GB, SSD 256GB, Intel Core i5 gen 5', 2, DATE_SUB(CURRENT_TIMESTAMP(), INTERVAL 12 DAY), 2, 'ASSIGNED',DATE_SUB(CURRENT_TIMESTAMP(), INTERVAL 16 DAY));
INSERT INTO `asset` (asset_id, name, specification, category, installed_date, location_id, state, updated_at) VALUES ('LA010', 'laptop HP Zbook Studio', 'RAM 16GB, SSD 512, Intel Core i5 gen 5', 2, DATE_SUB(CURRENT_TIMESTAMP(), INTERVAL 10 DAY), 2, 'AVAILABLE',DATE_SUB(CURRENT_TIMESTAMP(), INTERVAL 14 DAY));
INSERT INTO `asset` (asset_id, name, specification, category, installed_date, location_id, state, updated_at) VALUES ('LA011', 'laptop Dell Latitude', 'RAM 16GB, SSD 256GB, Intel Core i5 gen 5', 2, DATE_SUB(CURRENT_TIMESTAMP(), INTERVAL 19 DAY), 2, 'ASSIGNED',DATE_SUB(CURRENT_TIMESTAMP(), INTERVAL 12 DAY));
INSERT INTO `asset` (asset_id, name, specification, category, installed_date, location_id, state, updated_at) VALUES ('LA012', 'laptop Dell Latitude', 'RAM 16GB, SSD 256GB, Intel Core i5 gen 5', 2, DATE_SUB(CURRENT_TIMESTAMP(), INTERVAL 19 DAY), 1, 'ASSIGNED',DATE_SUB(CURRENT_TIMESTAMP(), INTERVAL 12 DAY));
INSERT INTO `asset` (asset_id, name, specification, category, installed_date, location_id, state, updated_at) VALUES ('LA013', 'laptop Dell Latitude', 'RAM 16GB, SSD 256GB, Intel Core i5 gen 5', 2, DATE_SUB(CURRENT_TIMESTAMP(), INTERVAL 19 DAY), 1, 'ASSIGNED',DATE_SUB(CURRENT_TIMESTAMP(), INTERVAL 12 DAY));
INSERT INTO `asset` (asset_id, name, specification, category, installed_date, location_id, state, updated_at) VALUES ('LA014', 'laptop Dell Latitude', 'RAM 16GB, SSD 256GB, Intel Core i5 gen 5', 2, DATE_SUB(CURRENT_TIMESTAMP(), INTERVAL 19 DAY), 1, 'AVAILABLE',DATE_SUB(CURRENT_TIMESTAMP(), INTERVAL 12 DAY));

INSERT INTO `asset` (asset_id, name, specification, category, installed_date, location_id, state, updated_at) VALUES ('MO001', 'Monitor Dell UltraSharp', '27inch, 144Hz', 1, DATE_SUB(CURRENT_TIMESTAMP(), INTERVAL 10 DAY), 1, 'AVAILABLE',DATE_SUB(CURRENT_TIMESTAMP(), INTERVAL 10 DAY));
INSERT INTO `asset` (asset_id, name, specification, category, installed_date, location_id, state, updated_at) VALUES ('MO002', 'Monitor Dell UltraSharp', '27inch, 144Hz', 1, DATE_SUB(CURRENT_TIMESTAMP(), INTERVAL 10 DAY), 2, 'ASSIGNED',DATE_SUB(CURRENT_TIMESTAMP(), INTERVAL 10 DAY));
INSERT INTO `asset` (asset_id, name, specification, category, installed_date, location_id, state, updated_at) VALUES ('MO003', 'Monitor Dell UltraSharp', '27inch, 144Hz', 1, DATE_SUB(CURRENT_TIMESTAMP(), INTERVAL 10 DAY), 2, 'ASSIGNED',DATE_SUB(CURRENT_TIMESTAMP(), INTERVAL 10 DAY));
INSERT INTO `asset` (asset_id, name, specification, category, installed_date, location_id, state, updated_at) VALUES ('MO004', 'Monitor Dell UltraSharp', '27inch, 144Hz', 1, DATE_SUB(CURRENT_TIMESTAMP(), INTERVAL 10 DAY), 1, 'ASSIGNED',DATE_SUB(CURRENT_TIMESTAMP(), INTERVAL 10 DAY));
INSERT INTO `asset` (asset_id, name, specification, category, installed_date, location_id, state, updated_at) VALUES ('MO005', 'Monitor Dell UltraSharp', '27inch, 144Hz', 1, DATE_SUB(CURRENT_TIMESTAMP(), INTERVAL 10 DAY), 1, 'ASSIGNED',DATE_SUB(CURRENT_TIMESTAMP(), INTERVAL 10 DAY));
INSERT INTO `asset` (asset_id, name, specification, category, installed_date, location_id, state, updated_at) VALUES ('MO006', 'Monitor Dell UltraSharp', '27inch, 144Hz', 1, DATE_SUB(CURRENT_TIMESTAMP(), INTERVAL 10 DAY), 1, 'ASSIGNED',DATE_SUB(CURRENT_TIMESTAMP(), INTERVAL 10 DAY));
INSERT INTO `asset` (asset_id, name, specification, category, installed_date, location_id, state, updated_at) VALUES ('MO007', 'Monitor Dell UltraSharp', '27inch, 144Hz', 1, DATE_SUB(CURRENT_TIMESTAMP(), INTERVAL 10 DAY), 2, 'AVAILABLE',DATE_SUB(CURRENT_TIMESTAMP(), INTERVAL 10 DAY));
INSERT INTO `asset` (asset_id, name, specification, category, installed_date, location_id, state, updated_at) VALUES ('MO008', 'Monitor Dell UltraSharp', '27inch, 144Hz', 1, DATE_SUB(CURRENT_TIMESTAMP(), INTERVAL 10 DAY), 1, 'ASSIGNED',DATE_SUB(CURRENT_TIMESTAMP(), INTERVAL 10 DAY));
INSERT INTO `asset` (asset_id, name, specification, category, installed_date, location_id, state, updated_at) VALUES ('MO009', 'Monitor Dell UltraSharp', '27inch, 144Hz', 1, DATE_SUB(CURRENT_TIMESTAMP(), INTERVAL 10 DAY), 1, 'AVAILABLE',DATE_SUB(CURRENT_TIMESTAMP(), INTERVAL 10 DAY));
INSERT INTO `asset` (asset_id, name, specification, category, installed_date, location_id, state, updated_at) VALUES ('MO010', 'Monitor Dell UltraSharp', '27inch, 144Hz', 1, DATE_SUB(CURRENT_TIMESTAMP(), INTERVAL 10 DAY), 2, 'AVAILABLE',DATE_SUB(CURRENT_TIMESTAMP(), INTERVAL 10 DAY));
INSERT INTO `asset` (asset_id, name, specification, category, installed_date, location_id, state, updated_at) VALUES ('MO011', 'Monitor Dell UltraSharp', '27inch, 144Hz', 1, DATE_SUB(CURRENT_TIMESTAMP(), INTERVAL 10 DAY), 2, 'AVAILABLE',DATE_SUB(CURRENT_TIMESTAMP(), INTERVAL 10 DAY));

INSERT INTO `asset` (asset_id, name, specification, category, installed_date, location_id, state, updated_at) VALUES ('PC111', 'Personal Computer', 'ProvipPC', 3, DATE_SUB(CURRENT_TIMESTAMP(), INTERVAL 11 DAY), 1, 'AVAILABLE',DATE_SUB(CURRENT_TIMESTAMP(), INTERVAL 10 DAY));
INSERT INTO `asset` (asset_id, name, specification, category, installed_date, location_id, state, updated_at) VALUES ('PC112', 'Personal Computer', 'ProvipPC', 3, DATE_SUB(CURRENT_TIMESTAMP(), INTERVAL 10 DAY), 1, 'AVAILABLE',DATE_SUB(CURRENT_TIMESTAMP(), INTERVAL 19 DAY));
INSERT INTO `asset` (asset_id, name, specification, category, installed_date, location_id, state, updated_at) VALUES ('PC113', 'Personal Computer', 'ProvipPC', 3, DATE_SUB(CURRENT_TIMESTAMP(), INTERVAL 19 DAY), 1, 'NOT_AVAILABLE',DATE_SUB(CURRENT_TIMESTAMP(), INTERVAL 12 DAY));
INSERT INTO `asset` (asset_id, name, specification, category, installed_date, location_id, state, updated_at) VALUES ('PC114', 'Personal Computer', 'ProvipPC', 3, DATE_SUB(CURRENT_TIMESTAMP(), INTERVAL 18 DAY), 1, 'ASSIGNED',DATE_SUB(CURRENT_TIMESTAMP(), INTERVAL 10 DAY));
INSERT INTO `asset` (asset_id, name, specification, category, installed_date, location_id, state, updated_at) VALUES ('PC115', 'Personal Computer', 'ProvipPC', 3, DATE_SUB(CURRENT_TIMESTAMP(), INTERVAL 17 DAY), 2, 'RECYCLED',DATE_SUB(CURRENT_TIMESTAMP(), INTERVAL 14 DAY));
INSERT INTO `asset` (asset_id, name, specification, category, installed_date, location_id, state, updated_at) VALUES ('PC116', 'Personal Computer', 'ProvipPC', 3, DATE_SUB(CURRENT_TIMESTAMP(), INTERVAL 16 DAY), 2, 'AVAILABLE',DATE_SUB(CURRENT_TIMESTAMP(), INTERVAL 16 DAY));
INSERT INTO `asset` (asset_id, name, specification, category, installed_date, location_id, state, updated_at) VALUES ('PC117', 'Personal Computer', 'ProvipPC', 3, DATE_SUB(CURRENT_TIMESTAMP(), INTERVAL 15 DAY), 1, 'ASSIGNED',DATE_SUB(CURRENT_TIMESTAMP(), INTERVAL 14 DAY));
INSERT INTO `asset` (asset_id, name, specification, category, installed_date, location_id, state, updated_at) VALUES ('PC118', 'Personal Computer', 'ProvipPC', 3, DATE_SUB(CURRENT_TIMESTAMP(), INTERVAL 14 DAY), 2, 'ASSIGNED',DATE_SUB(CURRENT_TIMESTAMP(), INTERVAL 10 DAY));
INSERT INTO `asset` (asset_id, name, specification, category, installed_date, location_id, state, updated_at) VALUES ('PC119', 'Personal Computer', 'ProvipPC', 3, DATE_SUB(CURRENT_TIMESTAMP(), INTERVAL 13 DAY), 2, 'NOT_AVAILABLE',DATE_SUB(CURRENT_TIMESTAMP(), INTERVAL 15 DAY));
INSERT INTO `asset` (asset_id, name, specification, category, installed_date, location_id, state, updated_at) VALUES ('PC120', 'Personal Computer', 'ProvipPC', 3, DATE_SUB(CURRENT_TIMESTAMP(), INTERVAL 11 DAY), 2, 'ASSIGNED',DATE_SUB(CURRENT_TIMESTAMP(), INTERVAL 17 DAY));
INSERT INTO `asset` (asset_id, name, specification, category, installed_date, location_id, state, updated_at) VALUES ('PC121', 'Personal Computer', 'ProvipPC', 3, DATE_SUB(CURRENT_TIMESTAMP(), INTERVAL 12 DAY), 2, 'ASSIGNED',DATE_SUB(CURRENT_TIMESTAMP(), INTERVAL 10 DAY));
INSERT INTO `asset` (asset_id, name, specification, category, installed_date, location_id, state, updated_at) VALUES ('PC122', 'Personal Computer', 'ProvipPC', 3, DATE_SUB(CURRENT_TIMESTAMP(), INTERVAL 18 DAY), 1, 'AVAILABLE',DATE_SUB(CURRENT_TIMESTAMP(), INTERVAL 10 DAY));
INSERT INTO `asset` (asset_id, name, specification, category, installed_date, location_id, state, updated_at) VALUES ('PC123', 'Personal Computer', 'ProvipPC', 3, DATE_SUB(CURRENT_TIMESTAMP(), INTERVAL 18 DAY), 1, 'AVAILABLE',DATE_SUB(CURRENT_TIMESTAMP(), INTERVAL 10 DAY));
INSERT INTO `asset` (asset_id, name, specification, category, installed_date, location_id, state, updated_at) VALUES ('PC124', 'Personal Computer', 'ProvipPC', 3, DATE_SUB(CURRENT_TIMESTAMP(), INTERVAL 18 DAY), 1, 'ASSIGNED',DATE_SUB(CURRENT_TIMESTAMP(), INTERVAL 10 DAY));
INSERT INTO `asset` (asset_id, name, specification, category, installed_date, location_id, state, updated_at) VALUES ('PC125', 'Personal Computer', 'ProvipPC', 3, DATE_SUB(CURRENT_TIMESTAMP(), INTERVAL 18 DAY), 2, 'ASSIGNED',DATE_SUB(CURRENT_TIMESTAMP(), INTERVAL 10 DAY));

INSERT INTO assignment (assignment_id, assigner, assignee, asset_id, assign_date, assign_note, state, updated_at ) VALUES (1, 'SD0001', 'SD0003', 'LA008', DATE_SUB(CURRENT_TIMESTAMP(), INTERVAL 10 DAY), 'nothing', 'ACCEPTED', DATE_SUB(CURRENT_TIMESTAMP(), INTERVAL 10 DAY));
INSERT INTO assignment (assignment_id, assigner, assignee, asset_id, assign_date, assign_note, state, updated_at ) VALUES (2, 'SD0000', 'SD0002', 'LA001', DATE_SUB(CURRENT_TIMESTAMP(), INTERVAL 14 DAY), 'nothing in heere', 'WAITING_FOR_ACCEPTANCE', DATE_SUB(CURRENT_TIMESTAMP(), INTERVAL 19 DAY));
INSERT INTO assignment (assignment_id, assigner, assignee, asset_id, assign_date, assign_note, state, updated_at ) VALUES (3, 'SD0001', 'SD0003', 'MO003', DATE_SUB(CURRENT_TIMESTAMP(), INTERVAL 11 DAY), 'nothing', 'ACCEPTED', DATE_SUB(CURRENT_TIMESTAMP(), INTERVAL 10 DAY));
INSERT INTO assignment (assignment_id, assigner, assignee, asset_id, assign_date, assign_note, state, updated_at ) VALUES (4, 'SD0000', 'SD0002', 'MO006', DATE_SUB(CURRENT_TIMESTAMP(), INTERVAL 19 DAY), 'nothing in heere', 'WAITING_FOR_ACCEPTANCE', DATE_SUB(CURRENT_TIMESTAMP(), INTERVAL 11 DAY));
INSERT INTO assignment (assignment_id, assigner, assignee, asset_id, assign_date, assign_note, state, updated_at ) VALUES (5, 'SD0000', 'SD0004', 'LA005', DATE_SUB(CURRENT_TIMESTAMP(), INTERVAL 12 DAY), 'nothing', 'ACCEPTED',DATE_SUB(CURRENT_TIMESTAMP(), INTERVAL 12 DAY));
INSERT INTO assignment (assignment_id, assigner, assignee, asset_id, assign_date, assign_note, state, updated_at ) VALUES (6, 'SD0001', 'SD0003', 'LA004', DATE_SUB(CURRENT_TIMESTAMP(), INTERVAL 15 DAY), 'nothing in heere', 'WAITING_FOR_ACCEPTANCE', DATE_SUB(CURRENT_TIMESTAMP(), INTERVAL 10 DAY));
INSERT INTO assignment (assignment_id, assigner, assignee, asset_id, assign_date, assign_note, state, updated_at ) VALUES (7, 'SD0001', 'SD0003', 'LA009', DATE_SUB(CURRENT_TIMESTAMP(), INTERVAL 17 DAY), 'nothing', 'ACCEPTED',DATE_SUB(CURRENT_TIMESTAMP(), INTERVAL 17 DAY));
INSERT INTO assignment (assignment_id, assigner, assignee, asset_id, assign_date, assign_note, state, updated_at ) VALUES (8, 'SD0000', 'SD0002', 'PC117', DATE_SUB(CURRENT_TIMESTAMP(), INTERVAL 14 DAY), 'nothing in heere', 'WAITING_FOR_ACCEPTANCE', DATE_SUB(CURRENT_TIMESTAMP(), INTERVAL 16 DAY));
INSERT INTO assignment (assignment_id, assigner, assignee, asset_id, assign_date, assign_note, state, updated_at ) VALUES (9, 'SD0001', 'SD0003', 'PC118', DATE_SUB(CURRENT_TIMESTAMP(), INTERVAL 12 DAY), 'nothing', 'DELETED', DATE_SUB(CURRENT_TIMESTAMP(), INTERVAL 13 DAY));
INSERT INTO assignment (assignment_id, assigner, assignee, asset_id, assign_date, assign_note, state, updated_at ) VALUES (10, 'SD0000', 'SD0002', 'LA013', DATE_SUB(CURRENT_TIMESTAMP(), INTERVAL 8 DAY), 'nothing in heere', 'WAITING_FOR_ACCEPTANCE', DATE_SUB(CURRENT_TIMESTAMP(), INTERVAL 15 DAY));
INSERT INTO assignment (assignment_id, assigner, assignee, asset_id, assign_date, assign_note, state, updated_at ) VALUES (11, 'SD0000', 'SD0004', 'MO004', DATE_SUB(CURRENT_TIMESTAMP(), INTERVAL 9 DAY), 'nothing', 'ACCEPTED', DATE_SUB(CURRENT_TIMESTAMP(), INTERVAL 11 DAY));
INSERT INTO assignment (assignment_id, assigner, assignee, asset_id, assign_date, assign_note, state, updated_at ) VALUES (12, 'SD0001', 'SD0003', 'PC120', DATE_SUB(CURRENT_TIMESTAMP(), INTERVAL 12 DAY), 'nothing in heere', 'ACCEPTED', DATE_SUB(CURRENT_TIMESTAMP(), INTERVAL 10 DAY));
INSERT INTO assignment (assignment_id, assigner, assignee, asset_id, assign_date, assign_note, state, updated_at ) VALUES (14, 'SD0000', 'SD0002', 'LA012', DATE_SUB(CURRENT_TIMESTAMP(), INTERVAL 18 DAY), 'nothing in heere', 'ACCEPTED', DATE_SUB(CURRENT_TIMESTAMP(), INTERVAL 19 DAY));
INSERT INTO assignment (assignment_id, assigner, assignee, asset_id, assign_date, assign_note, state, updated_at ) VALUES (15, 'SD0000', 'SD0002', 'MO008', DATE_SUB(CURRENT_TIMESTAMP(), INTERVAL 17 DAY), 'nothing in heere', 'ACCEPTED', DATE_SUB(CURRENT_TIMESTAMP(), INTERVAL 18 DAY));
INSERT INTO assignment (assignment_id, assigner, assignee, asset_id, assign_date, assign_note, state, updated_at ) VALUES (16, 'SD0000', 'SD0004', 'MO005', DATE_SUB(CURRENT_TIMESTAMP(), INTERVAL 16 DAY), 'nothing in heere', 'WAITING_FOR_ACCEPTANCE', DATE_SUB(CURRENT_TIMESTAMP(), INTERVAL 13 DAY));
INSERT INTO assignment (assignment_id, assigner, assignee, asset_id, assign_date, assign_note, state, updated_at ) VALUES (17, 'SD0001', 'SD0003', 'PC121', DATE_SUB(CURRENT_TIMESTAMP(), INTERVAL 15 DAY), 'nothing in heere', 'ACCEPTED', DATE_SUB(CURRENT_TIMESTAMP(), INTERVAL 10 DAY));
INSERT INTO assignment (assignment_id, assigner, assignee, asset_id, assign_date, assign_note, state, updated_at ) VALUES (18, 'SD0001', 'SD0003', 'LA011', DATE_SUB(CURRENT_TIMESTAMP(), INTERVAL 14 DAY), 'nothing in heere', 'ACCEPTED', DATE_SUB(CURRENT_TIMESTAMP(), INTERVAL 14 DAY));
INSERT INTO assignment (assignment_id, assigner, assignee, asset_id, assign_date, assign_note, state, updated_at ) VALUES (19, 'SD0000', 'SD0002', 'PC114', DATE_SUB(CURRENT_TIMESTAMP(), INTERVAL 11 DAY), 'nothing in heere', 'WAITING_FOR_ACCEPTANCE', DATE_SUB(CURRENT_TIMESTAMP(), INTERVAL 11 DAY));
INSERT INTO assignment (assignment_id, assigner, assignee, asset_id, assign_date, assign_note, state, updated_at ) VALUES (20, 'SD0000', 'SD0016', 'LA003', DATE_SUB(CURRENT_TIMESTAMP(), INTERVAL 13 DAY), 'nothing in heere', 'ACCEPTED', DATE_SUB(CURRENT_TIMESTAMP(), INTERVAL 10 DAY));
INSERT INTO assignment (assignment_id, assigner, assignee, asset_id, assign_date, assign_note, state, updated_at ) VALUES (21, 'SD0001', 'SD0003', 'PC125', DATE_SUB(CURRENT_TIMESTAMP(), INTERVAL 12 DAY), 'nothing in heere', 'ACCEPTED', DATE_SUB(CURRENT_TIMESTAMP(), INTERVAL 12 DAY));
INSERT INTO assignment (assignment_id, assigner, assignee, asset_id, assign_date, assign_note, state, updated_at ) VALUES (22, 'SD0000', 'SD0015', 'LA006', DATE_SUB(CURRENT_TIMESTAMP(), INTERVAL 19 DAY), 'nothing in heere', 'ACCEPTED',DATE_SUB(CURRENT_TIMESTAMP(), INTERVAL 16 DAY));
INSERT INTO assignment (assignment_id, assigner, assignee, asset_id, assign_date, assign_note, state, updated_at ) VALUES (23, 'SD0000', 'SD0000', 'PC124', DATE_SUB(CURRENT_TIMESTAMP(), INTERVAL 11 DAY), 'nothing in heere', 'ACCEPTED', DATE_SUB(CURRENT_TIMESTAMP(), INTERVAL 10 DAY));

INSERT INTO `return_request` (request_id, assignment_id, request_note, created_at, created_by, state) VALUES (1, 23, 'I want to return this asset', CURRENT_TIMESTAMP(), 'SD0000', 'WAITING_FOR_RETURNING');
INSERT INTO `return_request` (request_id, assignment_id, request_note, created_at, created_by, returned_date, state, accepted_by) VALUES (2, 22, 'I want to return this asset', CURRENT_TIMESTAMP(), 'SD0015', CURRENT_TIMESTAMP(), 'WAITING_FOR_RETURNING', 'SD0000');
INSERT INTO `return_request` (request_id, assignment_id, request_note, created_at, created_by, returned_date, state, accepted_by) VALUES (3, 21, 'I want to return this asset', CURRENT_TIMESTAMP(), 'SD0003', CURRENT_TIMESTAMP(), 'COMPLETED', 'SD0001');
INSERT INTO `return_request` (request_id, assignment_id, request_note, created_at, created_by, state) VALUES (4, 20, 'I want to return this asset', CURRENT_TIMESTAMP(), 'SD0016', 'WAITING_FOR_RETURNING');
